age,experience,education,department,projects_completed,training_hours,avg_work_hours,on_time_delivery_rate,manager_rating,peer_feedback,performance
50,29,Bachelors,Finance,19,54,9,0.74,5.0,4.5,High
36,28,Bachelors,IT,14,21,8,0.96,4.2,2.6,Medium
29,28,Masters,Finance,16,39,9,0.81,4.1,2.9,Medium
42,29,Bachelors,IT,15,0,10,0.77,3.0,1.3,Medium
40,15,Masters,HR,4,64,11,0.62,2.2,2.1,Medium
44,18,PhD,HR,7,62,6,0.67,1.6,2.3,Medium
32,17,Masters,IT,16,53,10,0.93,2.1,4.8,High
32,0,Masters,HR,8,41,7,0.78,2.5,2.1,Medium
45,13,PhD,IT,17,20,8,0.76,4.0,2.8,Medium
57,1,Bachelors,IT,16,78,7,0.55,3.2,3.7,Medium
45,27,Masters,HR,10,80,8,0.51,1.3,1.6,Medium
24,29,Masters,Sales,10,21,11,0.98,1.1,2.9,Medium
43,3,PhD,IT,2,37,10,0.69,1.4,4.0,Medium
23,0,Bachelors,Finance,9,98,11,0.8,2.6,4.5,High
45,7,Masters,Finance,17,79,9,0.54,4.7,3.5,High
51,28,PhD,HR,11,7,11,0.84,3.5,3.7,Medium
59,2,Masters,Sales,10,61,11,0.97,4.2,1.5,Medium
23,31,PhD,HR,17,46,9,0.79,2.9,4.8,High
42,9,Bachelors,Sales,4,16,8,0.56,2.4,1.5,Low
54,9,Bachelors,IT,16,16,9,0.79,1.4,4.1,Medium
33,18,Bachelors,IT,15,89,10,0.88,4.5,2.1,High
43,33,Bachelors,IT,5,12,11,0.7,4.1,4.7,Medium
46,32,Masters,IT,6,16,9,0.94,1.7,3.9,Medium
48,22,Masters,Finance,17,37,11,0.82,3.0,4.0,Medium
49,27,Bachelors,Finance,1,80,10,0.95,2.9,1.9,Medium
37,31,Bachelors,HR,19,77,7,0.81,3.5,2.8,High
36,6,Bachelors,Sales,4,44,10,0.57,4.8,3.5,Medium
24,28,Masters,IT,17,5,6,0.65,3.3,4.1,Medium
58,7,Bachelors,IT,9,34,6,0.6,3.2,1.4,Medium
28,0,Bachelors,Sales,2,13,6,0.95,1.2,4.8,Medium
42,2,Bachelors,Sales,8,71,11,0.88,1.3,4.6,Medium
30,23,PhD,HR,15,60,8,0.84,1.7,2.1,Medium
39,22,Bachelors,Sales,7,14,8,0.65,1.1,4.3,Medium
25,7,PhD,IT,6,53,8,0.59,4.0,3.1,Medium
46,2,PhD,IT,1,26,11,0.88,3.9,2.8,Medium
35,32,Bachelors,IT,15,12,10,0.74,1.5,2.3,Medium
30,27,PhD,IT,7,30,8,0.61,4.3,3.3,Medium
47,7,Bachelors,IT,17,34,7,0.81,1.6,3.9,Medium
23,33,Masters,HR,2,59,6,0.52,2.2,2.6,Medium
41,34,Masters,IT,9,5,10,0.66,2.0,3.5,Medium
49,31,Masters,HR,9,68,6,0.73,2.5,3.8,Medium
28,23,Masters,IT,13,85,8,0.57,2.0,3.8,Medium
29,13,PhD,Finance,6,57,10,0.99,3.0,1.2,Medium
56,31,Bachelors,Finance,6,48,9,0.6,2.6,4.4,Medium
35,15,Bachelors,Finance,3,22,7,0.57,4.9,2.8,Medium
38,3,Bachelors,Finance,17,88,8,0.6,1.2,2.0,Medium
57,20,Masters,HR,17,33,8,0.88,1.6,2.0,Medium
25,13,Masters,HR,12,25,7,0.71,1.2,2.9,Medium
23,30,Bachelors,Sales,16,46,7,0.78,3.5,4.5,High
27,17,Masters,IT,15,4,9,0.51,1.2,2.5,Low
25,6,Bachelors,Finance,13,89,8,0.52,4.3,4.0,Medium
50,9,Bachelors,HR,1,19,11,0.72,3.0,1.4,Medium
39,6,Bachelors,IT,17,5,8,0.91,3.1,2.9,Medium
47,32,Bachelors,IT,3,69,6,0.94,3.2,5.0,High
55,22,Bachelors,HR,15,58,10,0.54,1.7,4.1,Medium
31,20,Bachelors,Finance,4,63,10,0.77,1.8,1.8,Medium
57,18,Bachelors,Sales,4,17,6,0.96,2.3,3.0,Medium
35,18,Masters,IT,18,3,10,0.69,3.4,1.9,Medium
52,28,Bachelors,Sales,17,16,7,0.91,1.8,2.6,Medium
36,17,Bachelors,Finance,19,13,10,0.57,1.5,4.1,Medium
29,1,Masters,Finance,11,77,10,0.97,4.9,4.1,High
35,0,Masters,Sales,3,12,6,0.88,1.1,1.9,Medium
44,4,Masters,Finance,8,6,9,0.97,4.2,4.7,High
42,19,Bachelors,IT,14,43,10,0.84,4.2,3.4,High
37,10,PhD,Sales,1,14,11,0.68,2.2,2.5,Low
39,1,PhD,Finance,14,18,10,0.97,1.5,3.0,Medium
45,2,Masters,Sales,2,62,9,0.64,1.6,3.4,Medium
47,22,PhD,IT,4,34,6,0.67,3.8,3.2,Medium
46,11,Masters,Finance,19,80,9,0.85,3.6,2.9,High
50,19,Bachelors,IT,6,34,6,0.88,4.1,3.0,Medium
36,4,PhD,Finance,1,18,7,0.96,4.7,1.7,Medium
22,29,Bachelors,HR,17,19,6,0.6,3.8,4.3,Medium
46,8,PhD,Finance,8,99,7,0.9,1.6,3.2,Medium
28,33,Bachelors,Sales,19,34,7,0.87,2.0,1.5,Medium
30,34,PhD,Finance,1,31,6,0.53,4.4,4.1,Medium
45,21,Bachelors,IT,5,47,11,0.69,1.8,4.7,Medium
22,23,Bachelors,IT,16,43,8,0.64,1.3,4.8,Medium
29,16,PhD,Finance,6,23,6,0.65,3.8,2.5,Medium
45,9,Bachelors,Sales,8,60,10,0.99,2.6,1.5,Medium
32,29,Bachelors,HR,13,16,11,0.82,4.7,3.1,Medium
38,22,Bachelors,Sales,16,70,11,0.86,3.6,1.5,Medium
29,31,PhD,HR,3,49,10,0.99,1.4,4.7,Medium
56,16,PhD,IT,19,64,8,0.69,4.8,1.7,Medium
56,16,Bachelors,Sales,12,98,11,0.9,2.0,2.0,Medium
54,13,Bachelors,HR,16,31,7,0.72,2.3,2.6,Medium
26,8,PhD,Finance,11,35,8,0.93,2.6,2.5,Medium
49,1,PhD,IT,10,12,10,0.59,1.2,4.2,Medium
28,24,Bachelors,Finance,4,69,8,0.97,3.0,2.8,Medium
30,8,Bachelors,IT,12,57,6,0.61,1.5,1.7,Medium
29,21,Bachelors,Sales,2,13,8,0.66,2.6,2.1,Low
33,3,Masters,Sales,19,36,7,0.88,2.4,3.0,Medium
55,25,PhD,IT,5,78,6,0.7,4.1,1.6,Medium
54,28,Masters,IT,8,67,9,0.8,4.2,3.4,High
44,33,PhD,IT,7,39,10,0.72,1.6,3.3,Medium
45,22,PhD,Sales,14,58,10,0.87,2.5,3.9,High
58,10,PhD,HR,3,79,8,0.61,2.5,4.8,Medium
56,5,PhD,Finance,18,91,11,0.53,1.6,4.6,Medium
43,17,PhD,Finance,16,15,6,0.65,4.2,4.8,Medium
48,20,PhD,Sales,19,61,9,0.74,3.8,2.0,Medium
56,33,PhD,Finance,19,3,6,0.58,1.8,1.5,Low
22,16,Masters,IT,18,44,10,0.68,2.5,2.2,Medium
56,24,Bachelors,HR,16,89,6,0.7,1.4,4.6,Medium
58,11,Bachelors,Finance,8,27,9,0.53,3.5,4.9,Medium
35,22,Masters,HR,1,95,11,0.79,1.5,4.4,Medium
24,21,Masters,IT,17,65,8,0.94,4.9,1.4,High
22,20,Masters,Finance,12,30,7,0.58,4.1,4.8,Medium
26,26,Masters,Sales,11,2,6,0.8,2.6,2.7,Medium
47,30,PhD,HR,5,7,7,0.83,3.3,1.0,Medium
35,5,Bachelors,IT,12,23,10,0.71,4.6,2.8,Medium
48,26,PhD,HR,17,14,8,0.85,3.2,1.2,Medium
30,33,Bachelors,Finance,6,42,8,0.71,1.7,3.2,Medium
36,11,Bachelors,Finance,1,30,6,0.75,2.5,2.4,Medium
36,6,Masters,Sales,5,72,11,0.5,4.4,2.9,Medium
47,9,PhD,IT,14,44,8,0.85,3.6,3.5,Medium
34,16,Masters,IT,5,65,6,0.83,3.6,4.5,High
53,25,PhD,Sales,1,7,6,0.52,4.5,3.6,Medium
53,20,Bachelors,Sales,18,70,7,0.68,4.6,2.7,High
25,27,Masters,IT,16,56,8,0.99,4.7,4.3,High
51,1,Masters,HR,9,79,6,0.71,1.4,4.6,Medium
58,0,Bachelors,HR,19,98,7,0.75,3.2,1.5,Medium
44,25,Bachelors,Sales,5,29,9,0.95,4.0,3.1,Medium
36,28,Bachelors,HR,2,73,7,0.86,4.0,2.1,Medium
50,20,Masters,IT,15,17,7,0.79,3.4,1.2,Medium
57,10,PhD,Finance,7,68,6,0.9,1.7,3.7,Medium
34,10,Masters,Finance,4,92,10,0.93,4.2,4.5,High
53,34,PhD,HR,1,38,10,0.73,3.9,1.7,Medium
28,33,Masters,Sales,13,59,11,0.74,1.3,4.2,Medium
43,23,Masters,Sales,7,97,10,0.69,2.9,4.4,High
49,21,Bachelors,Sales,15,42,7,0.98,1.7,4.7,High
23,4,PhD,Sales,14,44,11,0.85,2.3,2.1,Medium
27,32,Masters,Sales,19,22,6,0.54,1.1,4.6,Medium
49,19,Masters,HR,18,68,8,0.93,2.6,2.3,High
49,18,Bachelors,Finance,10,93,7,0.74,3.2,3.2,Medium
41,34,Bachelors,Finance,9,5,7,0.53,3.5,1.2,Low
51,16,PhD,HR,8,55,11,0.77,3.7,1.2,Medium
32,33,Masters,Sales,10,3,6,0.71,4.3,3.9,Medium
49,8,PhD,HR,17,92,9,0.94,1.9,2.8,High
46,25,Masters,Finance,2,22,7,0.6,1.5,2.0,Low
54,1,PhD,IT,6,5,9,0.91,4.4,1.8,Medium
22,8,Bachelors,HR,5,31,9,0.78,1.6,3.7,Medium
48,8,Masters,Sales,9,17,10,0.53,4.9,1.0,Medium
34,16,PhD,Finance,5,14,6,0.99,4.4,4.2,Medium
24,0,Bachelors,Finance,18,39,9,0.76,3.0,1.3,Medium
27,24,Bachelors,Finance,9,95,6,0.65,4.9,1.8,Medium
29,24,PhD,Finance,17,72,10,0.73,1.4,2.5,Medium
48,34,Masters,Sales,17,73,6,0.93,2.2,2.9,High
30,2,Masters,IT,12,83,7,0.65,3.6,2.4,Medium
58,29,Bachelors,Finance,7,5,9,0.6,2.4,2.3,Low
54,33,Masters,HR,3,62,6,0.56,4.7,4.9,Medium
45,11,Masters,IT,10,66,8,0.65,1.3,3.6,Medium
36,18,Masters,Finance,2,10,6,0.89,3.2,1.1,Medium
53,16,Bachelors,IT,3,42,9,0.74,3.4,2.7,Medium
53,9,PhD,HR,16,16,10,0.61,3.6,4.5,Medium
45,11,Masters,Finance,2,95,10,0.58,2.0,2.2,Medium
33,15,Bachelors,HR,10,3,9,0.67,2.5,1.4,Low
23,23,Bachelors,Sales,6,62,7,0.97,4.4,4.0,High
24,18,PhD,Finance,11,67,7,0.67,1.8,3.4,Medium
58,7,Masters,Finance,7,80,10,0.99,4.3,3.3,High
38,30,Masters,Finance,15,40,10,0.74,3.3,1.2,Medium
23,20,PhD,Finance,6,82,9,0.59,4.0,1.6,Medium
23,16,PhD,Sales,9,4,7,0.95,3.9,3.5,Medium
49,22,Bachelors,Finance,12,31,10,0.73,1.8,1.8,Medium
44,15,Bachelors,IT,19,85,7,0.85,3.3,3.0,High
58,5,PhD,Finance,3,69,10,0.99,4.5,3.2,High
53,7,Masters,Sales,15,34,6,0.53,2.7,2.1,Medium
54,24,Bachelors,Finance,2,21,8,0.55,4.9,4.8,Medium
22,17,Bachelors,IT,2,64,11,0.86,2.8,4.4,Medium
40,24,Masters,Sales,3,83,6,0.64,1.6,3.9,Medium
23,11,Bachelors,Sales,6,21,11,0.59,2.6,1.3,Low
47,14,Masters,IT,15,10,10,0.52,4.8,1.4,Medium
53,25,Masters,IT,10,76,8,0.51,2.3,3.0,Medium
27,25,Masters,IT,9,2,8,0.89,4.5,1.6,Medium
53,31,PhD,IT,1,8,10,0.57,4.5,4.9,Medium
25,9,PhD,IT,16,59,10,0.73,2.4,1.6,Medium
32,15,PhD,Sales,6,75,7,0.8,1.3,2.9,Medium
38,6,Masters,Sales,9,86,10,0.71,3.9,2.5,Medium
59,16,Masters,Finance,4,13,9,0.51,2.2,3.6,Low
45,22,PhD,Finance,2,96,10,0.89,4.1,1.5,Medium
26,25,Bachelors,HR,4,17,9,0.51,2.8,2.7,Low
55,20,Masters,Finance,1,72,10,0.88,2.9,2.1,Medium
27,21,Bachelors,Finance,19,22,7,0.95,4.1,4.6,High
43,6,Bachelors,IT,10,73,9,0.72,2.5,1.2,Medium
32,13,Masters,IT,15,82,6,0.77,2.8,4.7,High
37,14,Masters,Finance,19,46,9,0.74,2.5,4.3,Medium
54,6,Bachelors,HR,16,68,7,0.69,2.5,2.2,Medium
30,8,Bachelors,IT,4,46,11,0.94,3.1,4.2,Medium
27,7,PhD,Finance,2,86,9,0.95,4.2,1.1,Medium
37,22,PhD,Finance,13,29,10,0.67,2.4,4.9,Medium
50,28,Masters,Sales,1,24,10,0.81,3.1,3.1,Medium
24,17,PhD,HR,17,27,11,0.96,3.7,2.2,Medium
41,30,PhD,Sales,13,97,7,0.98,2.1,2.5,High
57,29,PhD,HR,4,24,8,0.75,2.1,1.3,Medium
40,34,PhD,IT,7,73,10,0.73,4.7,5.0,High
47,17,Bachelors,HR,17,77,6,0.64,3.9,1.2,Medium
24,16,Masters,Finance,9,57,7,0.98,3.3,3.6,High
40,13,PhD,Finance,4,93,9,0.57,3.6,2.8,Medium
41,30,Bachelors,HR,19,40,9,0.79,1.1,4.8,Medium
53,23,Bachelors,HR,1,24,6,0.64,3.5,2.0,Medium
28,34,Bachelors,HR,10,77,10,0.64,3.0,3.1,Medium
54,33,PhD,Sales,4,98,7,0.7,3.2,2.9,Medium
39,2,PhD,HR,9,47,6,1.0,2.4,3.8,Medium
22,25,Masters,IT,13,97,10,0.53,1.3,1.3,Medium
32,22,PhD,Sales,14,9,7,0.79,1.8,1.8,Medium
49,14,PhD,Sales,10,98,9,0.54,4.8,1.9,Medium
46,3,Bachelors,HR,6,74,7,0.58,2.6,4.0,Medium
44,28,Masters,IT,16,10,11,0.72,2.9,1.8,Medium
52,21,PhD,Sales,6,84,8,0.76,1.2,3.3,Medium
51,24,PhD,Finance,17,20,7,0.63,1.2,1.9,Medium
56,12,Bachelors,Sales,10,85,8,0.66,3.9,4.4,High
28,17,Bachelors,HR,18,44,7,0.54,3.2,4.8,Medium
37,32,PhD,IT,18,6,8,0.65,3.0,3.1,Medium
47,15,Masters,HR,3,80,11,0.98,2.0,2.4,Medium
23,1,Masters,Finance,15,63,9,0.97,4.0,1.9,High
22,34,Bachelors,Finance,15,63,10,0.67,1.7,1.2,Medium
33,33,Bachelors,Finance,4,1,8,0.79,1.8,2.1,Low
26,29,PhD,HR,9,75,11,0.95,2.8,3.6,High
58,12,Bachelors,Sales,19,41,8,0.5,2.1,3.1,Medium
53,12,PhD,HR,17,81,9,0.91,2.0,4.8,High
30,17,Masters,IT,11,53,8,0.97,3.6,2.6,High
56,31,Masters,Sales,9,74,11,0.55,3.6,3.8,Medium
40,31,PhD,Finance,10,15,11,0.58,4.3,3.0,Medium
37,34,Bachelors,HR,18,17,6,0.98,2.7,3.1,Medium
24,28,Masters,Finance,13,98,9,0.77,1.3,2.1,Medium
41,28,Bachelors,Finance,8,58,6,0.51,2.1,2.8,Medium
45,15,Masters,IT,7,89,9,0.63,4.9,2.9,Medium
54,9,PhD,Sales,17,15,8,0.72,3.4,3.8,Medium
45,29,PhD,IT,15,5,11,0.85,3.8,4.8,Medium
32,24,PhD,IT,15,56,6,0.87,1.0,2.3,Medium
29,19,Masters,IT,1,46,8,1.0,3.1,1.2,Medium
57,4,Bachelors,Finance,14,47,11,0.64,1.2,3.0,Medium
59,0,Bachelors,IT,5,41,9,0.77,3.3,3.2,Medium
41,29,Bachelors,IT,11,75,11,0.77,4.7,1.7,Medium
56,2,Masters,Sales,16,59,8,0.7,4.9,4.0,High
46,13,Masters,Sales,2,76,6,0.58,3.2,4.9,Medium
56,29,Masters,IT,8,3,6,0.99,2.8,4.8,Medium
46,3,Masters,Sales,11,1,11,0.93,4.8,1.8,Medium
50,17,Masters,Sales,18,89,8,0.75,3.7,4.5,High
39,24,Bachelors,IT,3,58,7,0.8,1.3,3.8,Medium
39,0,Masters,Finance,1,26,9,0.61,2.9,2.8,Medium
23,14,Masters,IT,11,26,9,0.77,2.0,3.2,Medium
56,8,Bachelors,Sales,16,78,8,0.85,2.9,4.4,High
37,14,Masters,Finance,18,71,7,0.76,2.8,2.9,Medium
57,23,Bachelors,HR,16,6,6,1.0,3.3,2.5,Medium
54,3,Bachelors,Finance,10,62,10,0.81,2.4,3.0,Medium
25,11,PhD,Sales,18,45,10,0.69,1.7,3.3,Medium
54,5,PhD,Finance,6,62,8,0.89,3.0,1.8,Medium
35,23,PhD,IT,19,11,7,0.59,4.3,4.6,Medium
42,10,PhD,HR,4,12,7,0.69,3.7,3.7,Medium
41,12,Masters,HR,13,42,9,0.67,2.4,3.5,Medium
29,33,PhD,HR,14,16,6,0.72,4.7,1.4,Medium
28,24,Bachelors,Sales,3,62,11,0.89,4.6,3.4,High
24,6,Masters,Sales,10,80,7,0.74,1.8,1.5,Medium
38,3,PhD,HR,6,35,11,0.9,1.2,1.3,Medium
54,7,Bachelors,Finance,1,84,10,0.79,4.0,3.1,Medium
33,19,Masters,HR,14,7,11,0.67,4.3,2.6,Medium
43,28,Masters,Finance,8,68,6,0.9,4.9,3.4,High
43,9,PhD,Finance,19,89,6,0.62,4.6,1.4,Medium
51,33,Masters,Sales,14,79,11,0.61,3.4,2.7,Medium
59,25,Bachelors,Finance,10,35,8,0.75,3.1,1.7,Medium
59,2,Masters,HR,17,27,7,0.63,1.1,4.9,Medium
29,5,Bachelors,Sales,9,92,8,0.5,2.0,3.2,Medium
48,4,Masters,IT,6,46,11,0.82,2.8,3.7,Medium
48,4,PhD,IT,11,75,7,0.76,3.5,2.3,Medium
55,22,Bachelors,Sales,7,29,9,0.72,3.2,1.4,Medium
42,8,Masters,HR,17,22,8,0.98,4.0,4.9,High
51,34,Masters,IT,1,15,8,0.79,2.1,2.1,Medium
54,19,Masters,IT,5,13,11,0.93,3.3,2.7,Medium
49,34,Bachelors,Finance,9,73,10,0.57,1.4,3.6,Medium
54,17,Bachelors,Finance,18,70,11,0.78,2.7,1.1,Medium
26,16,Bachelors,HR,2,51,8,0.93,4.0,4.2,High
40,23,PhD,Sales,11,36,7,0.79,3.8,3.1,Medium
25,2,PhD,HR,6,28,10,0.86,5.0,2.1,Medium
56,31,Bachelors,Sales,8,66,11,0.69,2.1,1.2,Medium
38,34,Masters,IT,4,14,11,0.55,3.0,1.6,Low
49,12,PhD,Finance,18,99,8,0.73,2.3,4.6,High
51,24,Bachelors,HR,11,46,8,0.7,2.8,3.7,Medium
50,8,Masters,HR,5,45,9,0.93,4.4,2.0,Medium
27,3,PhD,Sales,15,51,11,0.62,3.7,1.3,Medium
56,13,Masters,Sales,18,18,8,0.98,4.5,3.8,High
58,33,Masters,HR,2,76,6,0.98,1.8,3.3,Medium
45,10,Masters,Sales,11,20,10,0.62,4.5,2.6,Medium
50,2,Masters,HR,13,63,6,0.67,1.2,2.5,Medium
52,27,PhD,HR,4,36,10,0.95,4.6,1.9,Medium
56,28,PhD,HR,7,26,11,0.98,2.3,3.7,Medium
54,8,PhD,IT,11,54,9,0.72,2.3,4.9,Medium
42,2,Bachelors,Sales,4,28,8,0.66,3.0,1.7,Medium
53,24,PhD,Finance,15,19,8,0.76,4.8,3.4,Medium
44,33,Masters,Finance,1,24,8,0.84,1.2,2.7,Medium
54,11,PhD,Sales,3,69,11,0.64,2.4,2.8,Medium
24,8,Masters,HR,14,62,10,0.87,4.4,2.0,High
39,14,Bachelors,Finance,6,35,8,0.53,2.6,4.3,Medium
46,24,Masters,Finance,18,1,6,0.52,1.8,2.9,Medium
52,4,Masters,Sales,1,21,8,0.69,2.7,3.2,Medium
24,10,Masters,Finance,6,95,11,0.68,2.5,2.2,Medium
45,33,Bachelors,HR,6,15,9,0.66,4.7,1.7,Medium
53,23,PhD,Sales,16,17,6,0.75,4.0,1.3,Medium
43,14,PhD,HR,5,68,8,0.66,3.0,3.9,Medium
44,7,Bachelors,Finance,17,53,8,0.6,5.0,1.8,Medium
23,4,Masters,Finance,10,99,7,0.65,2.9,3.8,Medium
48,25,PhD,HR,18,29,10,0.99,1.2,2.6,Medium
23,17,Bachelors,IT,7,44,6,0.71,2.0,2.7,Medium
47,5,PhD,Finance,3,18,7,0.72,2.7,2.9,Medium
38,12,Bachelors,IT,13,86,9,0.79,1.6,2.5,Medium
54,27,Masters,Finance,15,33,10,0.99,4.8,1.4,High
30,4,PhD,IT,19,12,6,0.62,4.1,2.2,Medium
50,12,Bachelors,IT,3,42,8,0.84,2.1,3.7,Medium
47,16,PhD,IT,4,61,6,0.86,3.4,3.7,Medium
56,31,PhD,HR,5,92,8,0.8,3.9,2.1,Medium
46,28,PhD,IT,1,99,10,0.54,4.8,2.8,Medium
45,2,PhD,IT,4,21,8,0.84,4.5,1.8,Medium
34,33,Bachelors,IT,12,51,9,0.53,3.1,1.8,Medium
28,26,Masters,Finance,10,51,11,0.8,4.1,1.1,Medium
57,12,Bachelors,IT,13,35,8,0.87,3.2,4.6,High
41,32,Bachelors,Finance,14,72,9,0.61,3.2,1.8,Medium
22,5,Bachelors,IT,5,18,11,0.92,1.5,1.9,Medium
29,23,Masters,IT,4,37,10,0.52,1.5,2.1,Low
37,18,PhD,HR,14,69,10,0.92,3.1,1.5,Medium
35,15,PhD,Finance,10,78,6,0.73,2.1,3.6,Medium
33,27,PhD,IT,17,56,9,0.61,1.1,1.3,Medium
44,32,Masters,Finance,10,19,9,0.57,3.9,1.5,Medium
36,12,PhD,Finance,7,8,7,0.98,1.1,3.6,Medium
49,24,Masters,Sales,16,31,7,0.54,3.4,2.4,Medium
55,26,PhD,HR,1,3,11,0.6,3.2,3.8,Medium
23,6,PhD,HR,17,49,11,0.67,4.9,3.2,Medium
53,4,Bachelors,HR,9,81,7,0.81,2.9,2.0,Medium
44,30,Masters,Sales,6,4,11,0.77,1.3,3.6,Medium
43,22,Bachelors,Sales,19,19,8,0.56,3.2,1.5,Medium
46,9,Bachelors,HR,13,86,7,0.64,4.4,3.1,High
43,31,Bachelors,Sales,3,74,9,0.62,5.0,2.7,Medium
43,29,Masters,Sales,7,36,8,0.61,2.7,2.1,Medium
27,30,Masters,Sales,9,21,11,0.71,2.3,3.4,Medium
36,17,PhD,HR,5,57,10,0.85,4.6,4.5,High
58,1,Bachelors,HR,10,67,6,0.61,1.8,5.0,Medium
54,13,PhD,HR,17,92,7,0.68,3.5,3.4,High
29,12,Bachelors,Sales,12,43,10,0.7,2.6,2.6,Medium
26,28,Masters,HR,16,33,11,0.99,1.2,1.9,Medium
25,11,Masters,Sales,3,76,9,0.98,2.4,2.0,Medium
27,1,Masters,IT,9,41,6,0.9,2.1,2.9,Medium
53,31,Bachelors,Sales,15,8,10,0.62,3.7,2.5,Medium
51,12,Masters,Finance,5,94,6,0.53,4.8,4.7,High
56,26,Bachelors,HR,13,6,7,0.66,2.1,2.5,Medium
37,16,PhD,HR,14,67,11,0.63,4.2,2.5,Medium
34,30,Bachelors,Finance,15,18,9,0.75,1.2,2.5,Medium
51,33,PhD,Sales,16,93,11,0.89,3.2,4.3,High
40,23,Bachelors,IT,13,30,6,0.93,1.3,3.6,Medium
38,34,PhD,Finance,17,34,10,0.92,4.7,3.5,High
40,5,Masters,Finance,8,56,7,0.68,4.1,2.3,Medium
49,18,PhD,Sales,2,84,7,0.84,3.6,4.3,High
47,29,Masters,HR,5,60,11,0.66,4.3,1.2,Medium
58,6,Masters,Sales,6,30,10,0.53,3.6,4.5,Medium
47,9,PhD,Finance,12,82,10,0.85,4.9,3.1,High
44,31,Bachelors,Finance,18,94,6,0.5,3.9,2.6,Medium
30,33,Bachelors,HR,1,52,11,0.7,4.7,3.0,Medium
33,27,Bachelors,HR,17,31,11,0.66,3.1,3.7,Medium
22,14,Bachelors,HR,11,65,8,0.85,1.5,1.1,Medium
22,29,Bachelors,Sales,10,58,11,0.88,3.1,4.5,High
55,28,Masters,HR,19,9,7,0.65,1.5,2.8,Medium
53,21,Bachelors,Finance,14,1,6,0.91,3.4,2.4,Medium
46,3,Masters,Finance,10,65,10,0.65,2.9,1.6,Medium
22,19,Masters,IT,15,59,11,0.72,3.5,2.8,Medium
37,31,Masters,Sales,19,87,6,0.86,1.0,3.0,Medium
26,3,PhD,IT,4,16,11,0.85,1.8,2.6,Medium
43,26,PhD,Finance,2,95,10,0.99,3.0,3.7,High
50,16,Masters,IT,9,15,9,0.61,4.8,2.7,Medium
24,11,PhD,Finance,10,15,10,0.83,2.5,4.8,Medium
33,21,Bachelors,IT,11,45,10,0.8,2.7,3.4,Medium
47,16,Bachelors,HR,14,38,10,0.96,3.9,4.2,High
37,9,Masters,IT,7,30,11,0.58,3.4,1.4,Medium
58,0,Bachelors,HR,15,87,8,0.88,2.2,2.6,High
43,21,Masters,HR,19,0,10,0.78,2.6,2.3,Medium
50,25,Masters,Sales,15,10,7,0.64,1.9,3.3,Medium
35,17,Bachelors,HR,8,84,7,0.74,4.9,4.4,High
49,13,PhD,HR,11,3,6,0.67,1.5,1.3,Low
26,28,Bachelors,IT,9,70,8,0.79,2.5,1.3,Medium
51,11,Bachelors,Finance,15,25,6,0.94,1.1,4.4,Medium
26,34,Masters,Sales,1,49,7,0.78,1.9,1.9,Medium
33,11,Masters,HR,1,11,7,0.82,4.1,3.7,Medium
37,6,Masters,Sales,19,94,9,0.76,1.8,3.2,High
47,28,Masters,IT,3,80,10,0.53,1.3,4.3,Medium
47,10,PhD,HR,10,96,7,0.62,2.9,1.5,Medium
42,32,PhD,IT,8,74,11,0.75,1.0,1.5,Medium
57,5,PhD,Sales,15,91,11,0.66,1.3,3.2,Medium
54,14,Masters,IT,10,95,6,0.59,4.2,4.8,High
51,31,Masters,Sales,1,64,6,0.75,4.1,2.7,Medium
58,10,Masters,IT,18,46,10,0.66,4.7,2.3,Medium
44,22,PhD,Sales,2,91,10,0.63,4.4,3.4,Medium
31,25,Masters,Finance,19,52,9,0.73,3.7,4.7,High
26,33,Bachelors,IT,13,70,8,0.57,1.2,4.3,Medium
57,33,Bachelors,IT,1,1,6,0.96,4.1,5.0,Medium
55,28,Masters,Finance,2,23,10,0.93,4.4,1.1,Medium
52,3,Bachelors,Finance,16,3,6,0.85,4.2,1.5,Medium
31,16,Bachelors,IT,15,18,10,0.55,3.0,3.4,Medium
40,34,PhD,Finance,13,25,7,0.89,1.9,4.3,Medium
53,12,Masters,HR,16,74,6,0.9,4.4,2.1,High
22,14,Masters,Sales,17,39,7,0.88,3.9,2.0,Medium
26,28,PhD,Sales,7,49,6,0.56,4.9,4.1,Medium
25,28,Bachelors,Sales,17,42,8,0.82,1.6,1.2,Medium
37,10,Bachelors,HR,7,74,9,0.92,1.9,2.5,Medium
45,31,Masters,Finance,13,66,11,0.79,1.8,3.0,Medium
37,1,Bachelors,Finance,5,11,11,0.82,4.2,3.2,Medium
23,13,PhD,IT,17,66,11,0.73,1.7,3.9,Medium
49,19,PhD,Finance,3,26,7,0.76,1.3,2.4,Medium
53,21,Masters,IT,7,53,10,0.52,5.0,3.5,Medium
48,10,PhD,HR,17,65,11,0.82,1.1,3.3,Medium
41,26,PhD,Sales,7,48,8,0.54,4.3,3.2,Medium
45,2,Masters,Sales,1,15,11,0.72,2.5,3.6,Medium
33,16,PhD,Sales,17,1,6,0.65,4.4,2.0,Medium
56,27,PhD,Finance,17,59,7,0.77,3.2,1.3,Medium
54,28,PhD,IT,11,53,6,0.57,4.6,1.5,Medium
54,20,Bachelors,IT,3,29,6,0.85,4.7,1.9,Medium
58,15,Masters,HR,15,83,6,0.9,1.0,3.0,Medium
33,19,Masters,Finance,11,37,9,0.58,1.3,4.4,Medium
24,5,Masters,HR,16,27,9,0.55,2.0,3.8,Medium
22,18,Bachelors,IT,9,24,10,0.57,3.7,4.2,Medium
54,4,Bachelors,IT,1,95,7,0.94,4.6,2.4,High
31,2,Masters,Sales,16,9,8,0.76,2.8,2.6,Medium
50,0,Bachelors,Finance,9,59,8,0.73,3.4,2.6,Medium
34,14,Masters,IT,19,41,8,0.55,1.8,1.8,Medium
33,33,Bachelors,Sales,12,39,6,0.82,4.2,1.2,Medium
52,34,PhD,Finance,19,96,9,0.93,4.9,3.4,High
23,24,PhD,HR,9,76,7,0.91,2.1,5.0,High
56,23,Masters,Finance,7,41,6,0.81,3.0,1.7,Medium
44,11,Bachelors,Finance,14,46,9,0.54,1.3,1.2,Low
38,17,Bachelors,IT,19,36,9,0.56,3.2,4.1,Medium
47,14,PhD,IT,19,79,11,0.52,3.0,2.0,Medium
29,15,PhD,Finance,2,21,11,0.63,1.6,4.3,Medium
50,26,Bachelors,IT,9,56,7,0.57,2.8,3.8,Medium
47,7,Bachelors,IT,13,83,7,0.63,2.3,4.8,Medium
31,24,Bachelors,IT,15,26,7,0.69,3.1,2.6,Medium
47,16,Bachelors,Sales,3,40,6,0.97,3.3,3.6,Medium
55,28,Bachelors,Sales,11,79,10,0.81,1.0,2.9,Medium
28,7,Bachelors,Finance,14,33,7,0.92,4.0,3.5,High
25,14,Masters,IT,8,31,11,0.86,3.9,2.8,Medium
32,26,Bachelors,Sales,18,89,10,0.56,2.5,1.8,Medium
50,6,PhD,Finance,19,88,6,0.87,1.2,3.0,High
57,2,Masters,IT,16,65,10,0.64,4.0,3.1,Medium
46,28,Bachelors,HR,2,11,8,0.82,4.8,4.2,Medium
42,23,PhD,IT,8,39,10,0.67,2.0,3.9,Medium
57,2,Masters,IT,6,72,7,1.0,2.3,3.7,High
31,19,PhD,Sales,12,75,6,0.63,1.7,1.5,Medium
58,14,Bachelors,Finance,15,89,7,0.64,3.3,3.9,High
30,24,Bachelors,Finance,8,72,11,0.97,1.6,3.0,Medium
45,29,Bachelors,Sales,4,9,8,0.51,2.4,4.6,Medium
56,13,Bachelors,IT,15,95,11,0.85,3.8,4.7,High
56,6,Masters,HR,17,97,7,0.86,3.2,1.2,High
57,16,Masters,IT,13,47,7,0.92,2.5,4.3,High
39,19,PhD,IT,18,19,7,0.99,2.7,1.2,Medium
53,8,Bachelors,HR,2,38,9,0.99,3.2,2.5,Medium
45,21,PhD,Sales,13,59,8,0.53,1.0,3.2,Medium
44,1,Masters,Finance,13,65,7,0.91,1.3,1.6,Medium
53,23,Bachelors,Sales,15,64,7,0.82,4.5,4.0,High
58,7,Bachelors,Sales,10,50,11,0.82,1.3,1.0,Medium
33,10,Masters,IT,3,35,11,0.56,3.8,1.7,Medium
34,12,Masters,Finance,19,23,7,0.83,4.7,3.3,High
44,16,Masters,Finance,3,26,6,0.99,2.1,3.9,Medium
46,7,Masters,Sales,14,1,9,0.96,2.5,4.7,Medium
56,20,Masters,HR,8,30,11,0.72,3.3,3.8,Medium
51,17,Bachelors,Sales,4,56,6,0.52,4.5,3.7,Medium
38,29,Masters,HR,11,77,9,0.68,4.8,2.6,Medium
41,17,Bachelors,Finance,11,65,7,0.91,4.0,1.0,Medium
46,30,Bachelors,Sales,11,28,8,0.85,1.3,1.5,Medium
43,31,Masters,IT,2,14,10,0.73,3.7,3.1,Medium
34,10,Masters,Sales,17,11,10,0.53,2.6,3.7,Medium
40,24,Bachelors,Finance,9,27,7,0.71,2.9,2.7,Medium
57,32,Masters,IT,2,83,11,0.73,1.2,3.9,Medium
33,7,Masters,IT,15,23,6,0.96,1.8,3.1,Medium
40,10,Masters,HR,16,20,8,0.82,4.2,1.3,Medium
33,21,PhD,IT,4,9,9,0.66,2.8,1.8,Low
30,23,Bachelors,IT,8,77,7,0.76,2.2,4.4,Medium
28,16,PhD,Sales,9,17,8,0.53,2.5,3.9,Medium
49,11,Masters,Finance,5,87,8,0.99,4.4,4.6,High
35,31,PhD,HR,16,13,11,0.68,4.0,1.5,Medium
52,14,Masters,Sales,13,33,9,0.74,2.1,5.0,Medium
40,15,PhD,IT,7,57,8,0.68,1.5,1.8,Medium
37,21,Masters,IT,17,75,11,0.84,2.0,1.0,Medium
26,27,PhD,HR,3,21,6,0.83,4.7,5.0,Medium
56,19,PhD,Finance,5,69,11,0.86,3.3,2.1,Medium
33,32,PhD,HR,19,35,6,0.63,3.1,3.7,Medium
46,9,Bachelors,Sales,12,44,6,0.66,3.4,1.7,Medium
42,31,PhD,HR,7,35,8,0.56,2.5,3.3,Medium
57,32,Bachelors,IT,9,21,11,0.83,4.2,4.6,Medium
44,1,Masters,Sales,6,77,6,0.52,3.1,2.3,Medium
37,32,PhD,IT,17,79,9,0.8,1.5,3.7,Medium
35,32,Masters,Finance,16,60,8,0.93,1.5,1.8,Medium
52,12,Masters,IT,3,99,11,0.95,3.1,3.5,High
26,29,PhD,IT,4,55,11,0.72,4.7,2.3,Medium
56,32,Bachelors,HR,10,88,10,0.73,2.2,1.8,Medium
44,12,PhD,IT,5,95,11,0.54,4.5,2.3,Medium
50,25,Masters,Sales,10,32,8,0.84,4.1,1.7,Medium
32,21,Masters,Sales,12,44,9,0.91,2.0,4.6,Medium
39,1,PhD,Finance,10,35,11,0.62,1.1,2.6,Medium
33,25,Bachelors,Sales,13,19,10,0.71,1.4,2.0,Medium
30,14,Bachelors,HR,11,17,8,0.92,3.9,2.8,Medium
31,33,Masters,Finance,16,37,6,0.94,1.8,2.3,Medium
38,10,Masters,Sales,8,66,7,0.62,2.5,4.0,Medium
59,2,Bachelors,HR,8,22,7,0.78,3.0,4.9,Medium
28,5,PhD,Sales,8,95,6,0.6,3.9,2.8,Medium
34,8,Masters,Sales,13,15,11,0.55,1.5,4.4,Medium
30,5,Bachelors,IT,2,58,7,0.96,2.6,3.3,Medium
48,8,Masters,Sales,12,68,7,0.91,2.9,1.6,Medium
23,30,PhD,Sales,10,67,6,0.88,3.2,3.8,High
26,31,Bachelors,HR,12,20,11,0.52,4.3,3.1,Medium
50,11,Masters,HR,11,77,11,0.92,1.7,3.6,High
58,7,PhD,IT,15,94,6,0.72,4.2,4.6,High
59,7,Masters,Sales,16,77,11,0.67,3.8,2.8,Medium
40,27,PhD,IT,17,69,11,0.77,3.2,4.6,High
29,19,PhD,Sales,2,11,8,0.55,3.8,4.0,Medium
22,6,Bachelors,Finance,18,15,8,0.88,2.6,3.0,Medium
43,10,PhD,Finance,12,80,6,0.79,1.6,3.4,Medium
38,19,Masters,IT,19,86,9,0.59,3.7,2.3,Medium
28,15,PhD,IT,18,13,7,0.59,3.1,4.9,Medium
46,3,PhD,IT,17,60,8,0.59,3.6,3.7,Medium
25,5,Bachelors,HR,6,70,7,0.53,2.4,1.2,Medium
57,21,PhD,HR,15,45,10,0.79,4.6,2.3,Medium
27,25,PhD,HR,3,31,6,0.92,3.3,3.5,Medium
52,2,Masters,IT,6,14,9,0.51,1.3,1.2,Low
40,13,Bachelors,Sales,3,43,10,0.52,2.8,1.1,Low
48,10,Bachelors,Finance,1,16,10,0.79,4.0,2.8,Medium
31,17,Bachelors,IT,13,40,11,0.91,4.2,2.3,Medium
47,11,PhD,HR,14,53,10,0.66,3.0,2.8,Medium
40,22,Bachelors,HR,13,43,6,0.67,4.6,2.1,Medium
24,11,PhD,IT,4,97,8,0.8,2.1,1.7,Medium
34,12,PhD,IT,7,4,6,0.64,2.6,3.8,Medium
49,24,Masters,HR,10,26,8,0.51,4.6,3.1,Medium
41,18,Masters,Sales,7,86,10,0.87,4.6,1.8,High
49,7,Masters,HR,15,77,10,0.81,3.7,2.3,High
29,28,Masters,HR,15,78,9,0.79,4.4,3.4,High
22,31,Masters,IT,4,42,8,0.87,1.4,1.3,Medium
24,17,PhD,Sales,6,96,10,0.84,4.5,1.6,High
34,5,PhD,HR,5,30,11,0.6,2.3,1.3,Low
49,17,Bachelors,HR,12,98,7,0.68,1.7,4.2,Medium
46,18,PhD,Finance,1,16,9,0.56,2.0,4.0,Medium
54,21,PhD,IT,8,91,6,0.56,2.7,4.0,Medium
59,31,Masters,Finance,1,82,9,0.84,2.0,3.9,Medium
27,2,PhD,Finance,5,53,7,0.93,2.3,3.7,Medium
53,27,Masters,HR,6,61,8,0.98,1.5,2.9,Medium
42,9,Bachelors,IT,3,86,6,0.81,2.2,3.6,Medium
37,34,Bachelors,Sales,15,31,6,0.59,3.3,1.2,Medium
42,28,PhD,HR,5,39,8,0.55,2.8,3.5,Medium
32,14,Bachelors,Sales,14,12,9,0.91,2.4,4.1,Medium
58,32,PhD,Sales,18,83,10,0.79,4.0,3.0,High
57,6,Bachelors,IT,16,34,9,0.81,4.6,2.4,Medium
56,11,Masters,Finance,6,4,7,0.89,4.0,2.1,Medium
40,29,Masters,IT,14,72,11,0.85,2.3,3.6,High
41,20,Masters,Sales,8,28,10,0.92,4.0,3.8,Medium
39,30,Masters,HR,7,69,9,0.53,1.6,4.5,Medium
35,23,PhD,Sales,8,24,11,0.87,1.5,2.4,Medium
36,19,Bachelors,HR,13,94,11,0.93,2.4,4.1,High
52,3,PhD,HR,6,21,8,0.64,4.2,3.2,Medium
22,27,Masters,IT,18,65,7,0.82,2.0,4.5,High
24,19,PhD,Sales,2,44,7,0.66,1.3,3.1,Medium
37,23,Bachelors,Finance,8,68,7,0.98,1.5,3.1,Medium
44,31,PhD,Sales,11,90,10,0.52,4.4,3.3,Medium
32,33,Bachelors,Sales,1,88,6,0.79,3.5,4.0,Medium
33,1,PhD,Finance,6,71,10,0.58,2.0,4.9,Medium
31,14,Bachelors,IT,16,0,9,0.86,3.2,1.3,Medium
53,33,Bachelors,Sales,12,83,11,0.59,3.1,1.2,Medium
37,5,Masters,Sales,11,43,11,0.62,3.6,4.8,Medium
29,11,Bachelors,HR,10,86,6,0.75,1.9,3.1,Medium
59,2,Masters,Sales,3,95,9,0.96,4.5,3.5,High
33,17,Masters,Finance,13,74,6,0.61,2.2,2.9,Medium
45,20,Masters,HR,3,38,11,0.57,3.8,1.4,Medium
49,14,PhD,IT,15,53,10,0.88,1.1,4.1,Medium
29,32,PhD,HR,16,87,7,0.75,2.5,4.0,High
49,34,PhD,Finance,13,74,11,0.96,2.4,2.2,Medium
57,25,PhD,Finance,17,28,8,0.57,3.2,2.2,Medium
47,7,Bachelors,HR,3,53,7,0.82,1.3,4.4,Medium
29,29,Bachelors,IT,11,89,11,0.62,4.2,1.3,Medium
49,22,PhD,HR,19,15,10,0.58,1.9,4.5,Medium
49,13,Bachelors,IT,11,98,6,0.84,3.7,2.0,High
58,13,Bachelors,HR,16,19,7,0.8,4.2,3.4,Medium
57,1,Masters,Finance,3,45,10,0.88,3.2,4.7,Medium
48,4,Masters,Sales,6,66,9,0.65,4.0,3.7,Medium
38,13,Masters,Sales,14,64,8,0.72,3.6,2.7,Medium
30,24,Masters,IT,18,57,7,0.7,2.4,3.8,Medium
54,19,Bachelors,IT,17,52,6,0.99,4.2,2.4,High
41,1,PhD,IT,4,0,9,0.65,2.2,2.1,Low
34,5,Bachelors,Finance,15,80,10,0.65,3.3,5.0,High
49,16,Bachelors,HR,11,65,8,0.68,4.0,4.0,Medium
50,24,Bachelors,Finance,3,28,6,0.78,2.5,3.6,Medium
34,27,Masters,Sales,3,83,10,0.63,2.2,2.4,Medium
56,1,Masters,IT,16,69,10,0.96,2.8,1.2,Medium
27,34,Masters,HR,5,7,7,0.63,4.3,1.1,Medium
39,4,PhD,Sales,10,28,7,0.95,4.7,3.2,High
26,0,Bachelors,Sales,19,50,6,0.55,3.2,4.0,Medium
46,11,PhD,Sales,4,32,11,0.83,3.6,3.1,Medium
23,22,Masters,Finance,19,2,11,0.95,4.6,4.4,High
31,30,PhD,IT,11,59,10,0.58,1.4,1.1,Medium
51,10,Bachelors,Sales,2,34,7,0.98,1.9,2.5,Medium
26,9,Bachelors,IT,10,68,8,0.73,3.8,1.9,Medium
54,2,Masters,Finance,11,90,8,0.97,4.3,2.8,High
22,13,Masters,Sales,16,75,10,0.84,4.4,1.3,High
39,15,PhD,Finance,19,83,7,0.65,2.7,4.8,High
53,9,Masters,Finance,11,19,6,0.59,1.4,1.9,Low
32,28,Masters,IT,14,72,6,0.65,2.8,4.7,Medium
42,9,Bachelors,Sales,2,38,6,0.55,1.9,2.7,Low
47,11,Masters,Finance,5,3,8,0.57,2.2,4.9,Medium
46,29,Masters,Sales,5,18,7,0.55,4.1,3.2,Medium
43,0,Bachelors,IT,19,90,7,0.71,1.3,4.7,High
48,4,Bachelors,Finance,12,44,8,0.9,4.3,1.0,Medium
34,19,PhD,IT,18,42,6,0.57,2.7,4.0,Medium
54,7,Masters,Sales,4,12,6,0.57,3.4,4.6,Medium
55,11,Bachelors,Sales,17,12,10,0.82,1.4,1.6,Medium
56,0,PhD,IT,10,59,11,0.6,2.3,1.4,Medium
22,19,PhD,HR,6,56,9,0.55,1.4,2.7,Medium
42,27,Masters,Finance,14,85,11,0.58,4.8,4.7,High
27,11,Masters,Sales,11,91,7,0.96,4.2,3.2,High
49,27,PhD,Sales,11,51,7,0.91,2.8,3.1,Medium
38,14,Bachelors,Finance,18,52,7,0.68,1.9,1.6,Medium
26,5,PhD,IT,18,85,11,0.83,4.7,1.0,High
52,19,Masters,IT,11,42,9,0.77,2.4,4.2,Medium
26,13,Bachelors,IT,12,82,10,0.84,1.6,1.4,Medium
59,1,Bachelors,HR,5,71,11,0.84,3.3,3.5,Medium
24,8,PhD,HR,9,71,9,0.81,4.8,4.7,High
44,19,Masters,Sales,9,41,6,0.63,1.0,1.8,Medium
58,25,PhD,IT,10,89,6,0.52,2.0,3.7,Medium
58,28,PhD,Finance,19,25,7,0.73,4.8,1.3,Medium
31,0,PhD,Sales,1,22,8,0.95,1.7,3.4,Medium
31,34,Bachelors,Finance,7,42,7,0.78,1.5,1.7,Medium
40,5,Bachelors,Sales,4,76,8,0.92,3.3,3.9,High
38,4,Masters,HR,1,27,9,1.0,4.4,2.2,Medium
42,32,Masters,Sales,15,8,6,0.58,2.9,2.9,Medium
35,13,PhD,HR,8,19,11,0.85,5.0,3.4,Medium
30,11,PhD,Sales,12,55,8,0.84,3.7,1.7,Medium
22,19,PhD,IT,18,82,9,0.99,1.3,4.0,High
34,23,Masters,Finance,15,38,6,0.99,5.0,2.2,High
25,33,Bachelors,IT,17,50,11,0.84,2.6,3.6,Medium
22,24,Bachelors,Sales,14,11,8,0.62,2.1,1.6,Medium
53,28,PhD,Sales,14,78,7,0.9,3.2,3.8,High
55,30,PhD,Sales,18,94,7,0.55,2.2,1.5,Medium
49,22,PhD,HR,18,54,7,0.89,1.3,2.7,Medium
52,19,PhD,Finance,16,77,9,0.96,1.0,2.0,Medium
29,22,Masters,Finance,1,10,7,0.69,2.8,4.0,Medium
47,15,Bachelors,Sales,11,25,10,0.82,4.3,2.0,Medium
55,7,PhD,Sales,15,41,6,0.72,3.3,4.5,Medium
24,20,Masters,HR,12,26,9,0.72,5.0,4.6,Medium
33,0,PhD,IT,8,10,11,0.66,2.1,1.8,Low
22,7,PhD,IT,6,37,7,0.88,2.1,3.5,Medium
26,28,Bachelors,Finance,3,97,6,0.97,1.6,1.4,Medium
51,31,PhD,HR,13,42,8,0.97,1.7,2.6,Medium
51,4,Bachelors,Sales,13,18,7,0.59,2.1,3.9,Medium
38,21,Bachelors,Finance,2,63,6,0.94,4.2,3.6,High
44,33,Bachelors,HR,5,5,10,0.87,4.6,3.5,Medium
36,0,Masters,IT,17,45,8,0.63,4.9,2.1,Medium
58,25,Masters,HR,6,41,10,0.53,1.9,2.5,Medium
42,9,Bachelors,IT,2,91,11,0.63,4.5,1.4,Medium
35,29,PhD,HR,4,64,6,0.96,2.3,3.9,Medium
23,17,Bachelors,Finance,11,98,10,0.82,1.5,3.0,Medium
32,16,PhD,IT,8,71,11,0.86,4.5,3.8,High
59,25,Bachelors,Finance,12,58,6,0.63,3.5,2.0,Medium
55,7,PhD,Finance,8,51,6,0.86,1.7,2.3,Medium
59,11,Masters,IT,11,46,10,0.51,2.7,2.3,Medium
55,26,PhD,IT,8,6,6,0.69,2.1,1.1,Low
39,7,Bachelors,Sales,8,10,7,0.81,3.9,2.4,Medium
51,24,Masters,Sales,17,60,6,0.57,2.8,4.2,Medium
36,3,PhD,Sales,16,67,9,0.91,5.0,4.6,High
48,32,PhD,Finance,14,24,11,0.62,1.2,3.1,Medium
55,0,PhD,Finance,11,11,6,0.83,2.4,2.8,Medium
59,18,PhD,Sales,7,25,9,0.7,2.9,1.1,Medium
54,30,PhD,Finance,16,11,6,0.8,3.0,4.5,Medium
45,15,Masters,Finance,13,42,6,0.55,2.3,1.1,Medium
36,13,Masters,IT,15,50,10,0.51,3.9,4.8,Medium
51,4,Masters,IT,16,36,7,0.95,4.5,3.0,High
38,25,Masters,Finance,9,45,11,0.63,4.8,2.4,Medium
26,27,Bachelors,Sales,3,52,7,0.91,4.2,4.7,High
50,1,Masters,HR,19,87,8,1.0,4.4,1.1,High
25,5,PhD,Sales,5,79,10,0.61,3.2,3.3,Medium
31,8,PhD,HR,10,12,10,0.63,4.3,3.2,Medium
38,32,Masters,Sales,17,88,7,0.83,2.2,1.9,Medium
31,24,PhD,IT,15,53,10,0.98,2.6,2.7,High
38,12,Masters,Finance,8,56,7,0.96,2.3,3.6,Medium
41,8,PhD,Finance,15,3,10,0.75,2.9,3.9,Medium
45,12,Bachelors,IT,14,74,6,0.9,2.1,1.0,Medium
26,30,Bachelors,HR,7,95,7,0.57,4.8,4.7,High
55,10,Masters,HR,12,48,7,0.99,2.3,1.7,Medium
27,3,Masters,HR,17,6,9,0.98,1.4,1.9,Medium
23,33,Masters,IT,17,10,10,0.58,3.1,2.1,Medium
34,3,PhD,HR,10,91,10,0.65,1.2,1.2,Medium
32,18,Masters,IT,19,53,7,0.55,1.4,1.5,Medium
44,5,Bachelors,Sales,14,86,6,0.64,1.9,4.9,Medium
37,33,PhD,Sales,11,44,6,0.91,2.9,2.3,Medium
52,17,Masters,IT,2,22,11,0.69,2.7,1.5,Medium
32,12,PhD,Finance,18,27,6,0.54,4.2,1.4,Medium
37,22,PhD,Sales,7,56,10,0.67,4.0,3.9,Medium
29,18,Masters,HR,12,25,9,0.99,2.7,4.4,High
25,10,PhD,IT,2,24,7,0.81,2.3,2.0,Medium
25,0,Bachelors,HR,18,53,8,0.71,2.3,1.1,Medium
46,23,Bachelors,HR,6,28,9,0.58,4.1,1.9,Medium
24,6,PhD,Finance,10,82,8,0.99,1.2,1.2,Medium
53,24,Masters,HR,15,96,9,0.91,1.1,1.4,Medium
24,20,PhD,Finance,5,35,6,0.64,4.2,2.7,Medium
48,14,Bachelors,Sales,3,13,10,0.54,2.9,1.9,Low
50,0,PhD,IT,5,77,8,0.53,1.5,3.1,Medium
53,11,PhD,HR,8,34,9,0.56,1.9,2.0,Low
40,6,Bachelors,IT,8,29,10,0.79,4.7,4.8,High
42,14,PhD,HR,8,91,8,0.96,4.4,4.6,High
26,20,PhD,IT,12,16,7,0.75,3.8,3.3,Medium
39,18,Masters,HR,8,66,9,0.92,2.9,2.4,Medium
49,28,Masters,HR,11,79,7,0.72,3.1,2.5,Medium
43,24,Bachelors,HR,14,29,6,0.85,4.9,2.6,Medium
42,32,Bachelors,HR,8,92,7,0.87,4.9,3.9,High
27,31,Bachelors,HR,10,44,7,0.59,1.9,2.8,Medium
22,34,Masters,HR,7,78,11,0.68,4.2,4.4,High
26,25,Bachelors,HR,17,88,9,0.82,1.8,4.8,High
33,10,Bachelors,HR,4,50,6,0.54,1.9,2.3,Medium
47,34,Bachelors,HR,13,46,7,0.68,3.7,3.2,Medium
55,7,Masters,IT,4,52,10,0.77,2.6,1.4,Medium
35,13,PhD,Finance,5,63,8,1.0,4.7,1.8,High
47,9,Bachelors,HR,4,37,7,0.74,1.4,2.7,Medium
48,1,PhD,Finance,18,63,6,0.91,3.0,1.8,Medium
30,8,Bachelors,HR,6,86,7,0.72,4.7,4.5,High
47,2,PhD,HR,2,88,8,0.9,4.6,1.6,Medium
43,20,Masters,IT,11,6,6,0.8,1.6,2.8,Medium
51,25,Masters,Sales,14,21,9,0.94,2.5,3.4,Medium
38,7,Bachelors,Sales,5,80,6,0.71,3.5,3.8,Medium
47,1,PhD,IT,6,81,9,0.8,1.6,2.5,Medium
57,5,Masters,Finance,10,40,6,0.82,4.9,4.5,High
22,27,Bachelors,Sales,8,73,8,0.71,4.7,3.3,Medium
29,28,Bachelors,IT,14,9,8,0.57,1.7,2.8,Medium
56,25,Masters,IT,3,56,6,0.55,1.5,1.3,Low
36,24,Masters,Sales,12,6,7,0.51,1.3,2.9,Low
43,11,Bachelors,Finance,16,49,8,0.94,4.6,4.3,High
35,4,PhD,IT,17,90,9,0.62,1.8,3.5,Medium
47,33,PhD,HR,1,51,9,0.61,2.7,4.3,Medium
49,14,PhD,Finance,10,32,10,0.87,2.8,3.0,Medium
44,14,Bachelors,Finance,10,0,11,0.66,3.4,1.5,Medium
35,22,Masters,Sales,2,52,11,0.75,1.3,1.1,Medium
45,5,Bachelors,Sales,9,59,11,0.58,1.9,2.2,Medium
23,20,Masters,HR,13,33,9,0.98,4.7,3.8,High
47,22,PhD,IT,16,3,10,0.93,4.6,4.2,High
35,15,PhD,Sales,18,16,11,0.93,4.1,2.2,Medium
28,14,Masters,Sales,19,3,11,0.7,1.1,3.0,Medium
24,24,Masters,Finance,12,42,6,0.88,2.3,2.7,Medium
44,10,Bachelors,Sales,8,89,6,0.57,3.5,2.6,Medium
39,14,PhD,Sales,17,3,6,0.5,2.1,1.9,Low
59,3,Bachelors,Sales,15,0,7,0.51,4.6,1.5,Medium
56,20,Bachelors,Sales,10,70,11,0.79,3.5,1.8,Medium
36,12,Bachelors,Finance,15,93,7,0.73,1.3,1.2,Medium
46,21,PhD,HR,15,49,10,0.76,4.6,1.8,Medium
58,18,Bachelors,HR,7,72,9,0.5,4.8,1.0,Medium
49,33,Bachelors,IT,13,60,11,0.71,1.3,3.5,Medium
31,13,Bachelors,Sales,17,34,9,0.86,3.1,2.3,Medium
38,3,Bachelors,Finance,9,7,6,0.72,2.2,4.9,Medium
43,26,Bachelors,IT,8,23,11,0.87,2.6,1.8,Medium
47,28,Bachelors,IT,18,82,8,0.62,1.7,2.4,Medium
46,27,PhD,HR,13,35,7,0.91,3.3,2.4,Medium
38,34,Bachelors,Finance,16,49,7,0.79,4.8,1.0,Medium
34,7,Masters,Finance,9,42,11,0.61,3.0,4.4,Medium
41,15,Bachelors,Finance,12,26,6,0.62,1.3,1.1,Low
46,29,Bachelors,HR,12,31,7,0.81,3.5,4.8,Medium
25,17,PhD,HR,6,77,6,0.91,2.4,4.6,High
31,1,PhD,HR,19,17,10,0.71,4.4,3.1,Medium
24,12,Masters,HR,7,27,9,0.63,2.7,3.2,Medium
39,3,Masters,HR,3,28,8,0.93,1.8,3.6,Medium
57,25,PhD,Sales,16,15,9,0.83,1.8,2.5,Medium
43,24,PhD,Sales,18,98,9,0.72,4.1,3.6,High
55,29,Bachelors,Finance,16,46,10,0.74,2.1,1.2,Medium
29,10,PhD,IT,7,58,7,0.6,4.1,1.2,Medium
40,6,Masters,Finance,4,30,8,0.81,1.8,2.8,Medium
58,30,Bachelors,IT,8,3,7,0.68,2.3,3.2,Medium
27,9,Masters,HR,13,36,11,1.0,2.9,4.6,High
47,12,Bachelors,IT,13,16,9,0.74,4.8,1.4,Medium
55,30,PhD,Finance,17,38,11,0.74,4.7,4.3,High
27,6,Masters,Finance,17,47,6,0.78,1.8,1.8,Medium
58,19,Bachelors,IT,5,45,9,0.96,2.4,2.6,Medium
54,3,Bachelors,Sales,6,89,7,0.9,1.6,2.3,Medium
43,6,PhD,HR,19,47,9,0.73,3.0,2.6,Medium
42,0,PhD,HR,13,38,6,0.86,2.8,1.6,Medium
27,12,PhD,Finance,14,3,10,0.79,4.6,3.0,Medium
27,21,Masters,Sales,4,29,11,0.75,4.7,4.2,Medium
25,20,Bachelors,IT,7,29,11,0.6,2.5,2.8,Medium
51,21,PhD,HR,8,21,7,0.73,3.0,3.0,Medium
32,27,Masters,Sales,13,74,9,0.62,4.6,4.4,High
51,8,Masters,HR,6,65,7,0.96,4.2,3.8,High
52,25,Masters,Sales,6,11,10,0.67,1.0,3.0,Low
45,8,PhD,Sales,3,93,9,0.98,2.3,2.0,Medium
30,14,PhD,Finance,3,35,9,0.77,2.7,4.5,Medium
24,9,Bachelors,HR,13,17,7,0.82,1.9,3.3,Medium
52,23,Bachelors,IT,2,89,7,0.77,1.8,1.9,Medium
58,7,PhD,Finance,16,52,6,0.56,1.2,2.1,Medium
57,23,Masters,Finance,6,70,10,0.69,3.6,4.2,Medium
45,15,Masters,IT,8,0,6,0.55,2.1,1.2,Low
52,25,Masters,Finance,8,57,11,0.81,1.2,5.0,Medium
27,26,Bachelors,Sales,6,89,9,0.72,1.9,1.5,Medium
23,3,Masters,Sales,14,86,7,0.89,4.2,4.2,High
41,23,Bachelors,HR,3,89,9,0.61,4.4,2.6,Medium
49,18,Bachelors,HR,10,5,9,0.58,2.9,3.0,Medium
32,9,Masters,IT,3,69,8,0.7,2.7,4.5,Medium
25,24,Masters,HR,12,43,11,0.96,4.9,2.7,High
36,17,PhD,Sales,17,71,8,0.86,1.8,3.1,Medium
27,18,PhD,IT,5,23,9,0.71,1.9,1.2,Low
51,9,Masters,IT,9,85,7,0.76,2.2,1.0,Medium
59,32,Bachelors,HR,7,18,9,0.54,1.7,2.0,Low
23,4,Bachelors,Sales,4,17,11,0.99,2.5,3.7,Medium
36,34,Bachelors,IT,13,94,8,0.83,4.6,1.5,High
32,33,Bachelors,Sales,13,29,7,0.64,3.5,1.5,Medium
29,32,Bachelors,Sales,10,41,9,0.79,2.6,2.6,Medium
47,20,PhD,Sales,18,32,10,0.55,4.7,3.6,Medium
26,16,Masters,HR,17,73,11,0.98,1.2,3.8,High
27,21,PhD,Finance,13,11,11,0.59,1.8,1.7,Low
47,14,Bachelors,Finance,17,93,10,0.82,3.3,1.3,High
25,34,Bachelors,IT,4,26,9,0.62,3.5,4.8,Medium
40,27,Bachelors,Sales,1,38,11,0.86,1.2,2.0,Medium
41,6,Bachelors,HR,1,8,7,0.89,2.6,4.4,Medium
54,31,Masters,Sales,15,20,9,0.84,3.6,4.5,Medium
41,10,Bachelors,Sales,13,75,9,0.81,3.8,4.1,High
33,9,Masters,HR,17,28,8,0.95,3.6,1.7,Medium
22,8,Bachelors,Finance,8,32,11,0.54,2.3,4.3,Medium
47,13,Masters,Sales,18,61,11,0.67,1.4,4.1,Medium
35,12,PhD,Sales,13,14,10,0.62,2.7,3.4,Medium
59,24,Bachelors,Finance,14,1,8,0.99,1.5,2.3,Medium
58,1,Masters,HR,8,51,8,0.69,4.8,2.1,Medium
32,34,PhD,IT,8,43,11,0.87,2.9,1.5,Medium
57,6,Bachelors,Finance,15,53,9,0.84,2.3,3.0,Medium
34,20,Bachelors,IT,13,17,8,0.61,4.1,3.3,Medium
24,17,Bachelors,IT,7,2,10,0.62,3.0,2.4,Medium
54,2,Masters,Finance,5,6,8,0.64,2.2,2.9,Medium
27,10,Masters,Sales,17,42,10,0.71,4.2,2.5,Medium
31,23,PhD,IT,16,81,8,0.62,4.5,3.6,High
26,18,Masters,IT,2,37,10,0.51,3.7,4.6,Medium
44,3,Masters,HR,18,36,8,0.94,1.2,1.7,Medium
31,25,Bachelors,Sales,17,57,8,0.98,3.3,2.5,High
23,31,Bachelors,IT,7,32,7,0.67,4.1,1.6,Medium
34,32,Bachelors,HR,13,58,10,0.67,1.5,3.5,Medium
23,2,Bachelors,Sales,18,94,10,0.5,1.9,3.9,Medium
41,8,Bachelors,Finance,14,10,10,0.84,4.5,4.7,High
22,7,Bachelors,Finance,18,67,6,0.91,1.1,2.1,Medium
58,32,Bachelors,HR,13,81,8,0.57,4.0,4.8,High
30,5,PhD,Finance,11,67,10,0.58,2.9,1.3,Medium
38,3,PhD,IT,16,97,11,0.9,2.8,3.4,High
30,12,PhD,Sales,17,92,6,0.81,1.0,1.2,Medium
32,1,PhD,IT,8,87,7,0.52,4.3,4.6,Medium
36,4,Bachelors,IT,19,21,10,0.81,2.4,3.1,Medium
45,26,PhD,Finance,15,65,10,0.65,3.2,3.7,Medium
59,31,Bachelors,IT,9,43,6,0.68,3.7,4.3,Medium
56,20,PhD,Finance,10,5,8,0.88,3.8,1.6,Medium
51,7,Masters,Sales,12,41,11,0.91,4.8,1.2,Medium
52,7,PhD,Sales,1,24,7,0.7,3.1,4.5,Medium
26,2,PhD,IT,9,56,10,0.97,2.6,2.3,Medium
35,2,Bachelors,HR,15,84,8,0.7,4.8,1.5,Medium
32,21,PhD,Finance,1,54,11,0.89,3.6,2.9,Medium
30,5,Masters,Finance,12,15,11,0.74,2.2,3.4,Medium
55,1,Bachelors,IT,3,94,7,0.95,1.5,1.1,Medium
33,22,Bachelors,Finance,11,13,9,0.95,4.4,2.1,Medium
56,1,PhD,Finance,2,38,11,0.54,2.4,1.1,Low
56,16,Bachelors,HR,16,27,9,0.97,3.6,2.7,Medium
22,34,Bachelors,HR,9,95,11,0.91,2.9,4.6,High
43,33,Bachelors,IT,15,91,7,0.9,1.8,4.9,High
50,22,Bachelors,HR,12,50,6,0.6,3.4,3.5,Medium
29,29,Bachelors,IT,1,48,7,0.9,1.2,1.6,Medium
32,7,Bachelors,Sales,13,8,7,0.93,2.7,4.6,Medium
58,21,Masters,IT,14,57,6,0.64,3.2,3.1,Medium
35,4,PhD,Sales,8,44,6,0.98,2.7,1.6,Medium
51,12,Masters,IT,8,21,8,0.52,4.0,4.7,Medium
56,28,Bachelors,Finance,12,31,11,0.57,4.3,4.0,Medium
42,30,Bachelors,HR,1,68,8,0.77,4.1,3.9,Medium
58,15,PhD,Sales,11,86,6,0.79,1.2,3.8,Medium
26,29,Masters,IT,8,68,9,0.82,1.8,1.8,Medium
40,15,PhD,HR,10,41,9,0.51,3.1,1.8,Medium
35,11,Masters,IT,19,52,7,0.98,4.7,3.8,High
47,16,Bachelors,HR,11,95,10,0.52,4.3,1.9,Medium
25,15,PhD,HR,7,58,7,0.57,4.4,2.8,Medium
46,11,PhD,IT,11,73,7,0.51,2.2,4.1,Medium
46,7,Bachelors,Sales,17,38,10,0.78,2.7,4.1,Medium
39,19,PhD,Sales,1,14,11,0.97,2.9,2.8,Medium
29,2,Masters,Finance,8,70,6,0.83,1.6,4.2,Medium
35,15,Masters,HR,6,28,9,0.91,1.1,4.4,Medium
53,29,Masters,Finance,18,2,7,0.51,4.8,3.6,Medium
59,22,Masters,Finance,6,82,10,0.77,2.0,1.9,Medium
54,27,Bachelors,IT,5,9,8,0.73,2.0,2.1,Medium
44,4,PhD,IT,13,91,7,0.75,1.3,2.3,Medium
36,19,Masters,IT,19,28,9,0.54,4.7,1.5,Medium
54,0,Bachelors,HR,8,78,6,0.84,3.3,2.1,Medium
46,29,PhD,IT,9,34,7,0.75,3.7,1.8,Medium
38,20,PhD,IT,17,5,7,0.88,4.6,2.8,Medium
54,19,Bachelors,HR,3,11,11,0.74,2.4,4.6,Medium
23,5,Bachelors,HR,19,37,10,0.57,3.5,1.4,Medium
35,21,Masters,Sales,11,76,8,0.82,1.2,3.9,Medium
27,17,PhD,IT,17,92,8,0.59,1.7,3.7,Medium
27,7,PhD,IT,19,18,6,0.94,4.3,1.4,Medium
24,31,Bachelors,IT,2,66,9,0.81,4.1,4.7,High
28,32,PhD,Sales,8,7,6,0.58,2.4,3.3,Medium
29,15,Masters,IT,19,7,7,0.98,2.5,2.5,Medium
36,11,PhD,Sales,7,83,7,0.76,3.1,4.0,Medium
50,33,Bachelors,Finance,17,46,8,0.54,1.0,2.0,Medium
54,13,Bachelors,Sales,6,3,9,0.81,2.0,3.8,Medium
51,32,Masters,Finance,19,50,10,0.63,1.8,1.2,Medium
48,22,Masters,IT,6,84,9,0.9,2.0,4.4,High
57,1,PhD,Finance,2,66,7,0.91,4.2,2.8,Medium
50,20,PhD,Sales,6,44,10,0.99,2.1,3.5,Medium
59,1,Bachelors,HR,5,7,9,0.75,1.8,1.9,Low
54,26,Masters,Finance,19,86,9,0.73,3.0,3.7,High
58,8,Masters,Finance,4,15,10,0.88,4.5,4.1,Medium
48,0,Masters,IT,17,76,7,0.57,2.0,2.9,Medium
54,10,PhD,Sales,11,66,9,0.77,1.3,3.5,Medium
25,2,Masters,Finance,4,8,10,0.77,2.4,2.8,Medium
43,22,Bachelors,Finance,13,59,11,0.54,4.0,4.6,Medium
23,25,Bachelors,Finance,17,77,11,0.71,3.2,3.0,Medium
31,3,PhD,Finance,9,76,7,0.93,4.3,4.4,High
26,17,PhD,HR,4,70,10,0.93,4.8,4.2,High
31,5,Masters,Sales,14,14,11,0.55,4.2,2.6,Medium
54,34,PhD,IT,19,70,10,0.55,3.4,1.9,Medium
59,21,Bachelors,IT,3,97,9,0.63,3.0,2.6,Medium
34,14,Masters,HR,14,40,7,0.94,1.2,4.3,Medium
52,21,Bachelors,Sales,8,21,11,0.56,4.9,1.9,Medium
57,11,Masters,Finance,1,23,9,0.86,2.5,3.1,Medium
45,17,PhD,HR,10,43,6,0.55,1.6,4.2,Medium
36,34,Masters,Sales,18,0,6,0.81,3.7,2.4,Medium
50,29,Masters,Finance,16,9,7,0.68,2.1,3.6,Medium
29,23,Bachelors,HR,8,79,11,0.89,3.3,2.0,Medium
26,29,Bachelors,Sales,1,71,11,0.62,3.3,1.4,Medium
50,13,Masters,IT,12,55,11,0.82,2.8,4.2,Medium
25,5,PhD,IT,8,88,10,0.62,4.3,1.4,Medium
33,2,PhD,Sales,16,49,9,0.86,2.1,2.1,Medium
23,15,Bachelors,IT,18,11,11,0.94,2.8,4.4,Medium
48,6,PhD,Sales,4,88,9,0.56,3.2,2.4,Medium
52,13,Bachelors,Finance,6,80,7,0.93,3.7,4.9,High
57,8,PhD,Sales,12,59,11,0.8,4.1,4.9,High
57,14,Masters,Finance,9,25,7,0.56,2.6,2.1,Medium
47,20,Bachelors,HR,15,77,11,0.71,3.6,1.2,Medium
48,34,Bachelors,Sales,16,40,6,0.58,1.6,3.8,Medium
26,1,Masters,HR,12,35,8,0.85,4.7,2.8,Medium
41,26,Bachelors,IT,14,22,7,0.88,2.5,1.4,Medium
32,1,PhD,Finance,13,42,11,0.55,3.9,3.8,Medium
31,34,PhD,Sales,2,5,8,0.75,1.1,1.1,Low
59,17,Bachelors,HR,3,68,7,0.91,1.8,4.5,Medium
27,13,PhD,Finance,10,42,10,0.97,2.9,1.6,Medium
29,19,Bachelors,Finance,9,24,11,0.76,4.5,1.5,Medium
44,17,Masters,IT,8,17,10,0.98,3.1,1.7,Medium
47,9,Bachelors,IT,10,61,6,0.77,4.7,4.8,High
33,24,Masters,Finance,19,12,11,0.7,2.9,3.8,Medium
47,1,PhD,Finance,3,42,6,0.92,3.0,4.2,Medium
34,24,Masters,Sales,5,77,8,0.75,1.5,2.6,Medium
39,32,PhD,Finance,3,27,7,0.74,4.2,2.3,Medium
46,30,Bachelors,Sales,16,17,9,0.75,2.0,1.9,Medium
54,13,PhD,Finance,17,58,6,0.92,4.6,2.9,High
33,0,Bachelors,IT,15,59,9,0.92,4.6,3.2,High
57,15,Bachelors,Sales,3,62,9,0.7,4.8,3.5,Medium
25,2,Masters,HR,12,56,7,0.67,3.1,2.0,Medium
26,34,Masters,IT,9,91,8,0.75,3.7,4.8,High
58,5,Masters,Sales,12,50,7,0.79,4.1,1.7,Medium
29,24,Masters,Sales,15,55,11,0.62,1.5,4.9,Medium
49,12,PhD,HR,2,26,6,0.9,3.4,1.1,Medium
52,33,PhD,Sales,18,31,9,0.74,1.1,2.9,Medium
30,7,PhD,Finance,12,8,7,0.67,3.0,2.3,Medium
50,20,Bachelors,HR,4,95,7,0.55,1.6,2.8,Medium
35,33,PhD,IT,16,83,7,0.62,1.7,3.3,Medium
43,3,PhD,IT,16,91,6,0.97,2.5,2.7,High
32,24,PhD,Finance,1,96,8,0.65,2.7,2.7,Medium
44,14,Masters,IT,2,67,7,0.58,3.5,3.9,Medium
22,3,PhD,Sales,3,45,6,0.73,1.3,3.7,Medium
58,11,Bachelors,Sales,17,97,9,0.65,3.0,4.3,High
42,31,Masters,Finance,1,66,11,0.52,1.7,2.0,Low
47,31,Bachelors,IT,6,25,10,0.66,3.3,3.4,Medium
57,27,PhD,IT,15,7,6,0.77,3.5,3.3,Medium
44,12,Masters,Finance,14,5,10,0.78,3.2,2.5,Medium
22,30,Bachelors,HR,15,79,7,0.68,4.0,2.9,Medium
36,13,PhD,IT,14,23,7,0.72,2.3,2.3,Medium
42,19,Bachelors,HR,5,47,6,0.98,4.1,1.6,Medium
30,17,Bachelors,IT,6,93,10,0.69,2.7,1.9,Medium
30,28,Bachelors,IT,17,44,7,0.63,2.9,1.4,Medium
31,5,PhD,IT,11,12,9,0.62,3.6,3.7,Medium
47,31,PhD,IT,16,68,8,0.73,1.1,3.6,Medium
56,28,Bachelors,Sales,12,24,8,0.88,3.6,4.8,High
46,1,Masters,HR,15,19,7,0.6,3.5,3.9,Medium
47,22,Masters,HR,4,81,10,0.85,2.2,1.2,Medium
32,18,PhD,IT,18,81,11,0.51,1.3,4.5,Medium
59,30,PhD,IT,3,65,7,0.71,1.4,4.5,Medium
23,4,PhD,HR,8,73,11,0.89,4.7,2.8,High
28,18,PhD,Sales,3,44,11,0.67,3.8,3.3,Medium
39,33,PhD,Finance,8,46,10,0.78,1.5,4.9,Medium
48,9,Masters,Finance,18,62,11,0.6,2.4,3.1,Medium
55,24,PhD,HR,10,75,9,0.87,3.4,4.6,High
48,1,Bachelors,IT,17,76,10,0.53,4.3,1.3,Medium
38,10,Bachelors,IT,8,54,7,0.93,1.2,1.8,Medium
45,30,Masters,Sales,11,74,9,0.6,1.9,2.8,Medium
46,14,Bachelors,Finance,5,18,6,0.94,4.6,3.3,Medium
28,8,Masters,Sales,13,34,8,0.68,1.0,4.3,Medium
27,22,Masters,Finance,5,52,7,0.86,1.8,5.0,Medium
45,18,Bachelors,HR,13,25,7,0.66,4.8,2.6,Medium
54,8,PhD,Finance,6,13,7,0.95,3.5,1.2,Medium
50,34,Bachelors,Sales,5,44,9,0.56,2.0,4.2,Medium
43,20,Bachelors,Sales,9,43,6,0.59,1.3,3.4,Medium
47,8,Masters,Sales,16,87,10,0.75,1.1,1.8,Medium
49,27,Bachelors,HR,2,64,6,0.54,2.0,3.0,Medium
42,6,Masters,Finance,1,50,9,0.6,4.5,4.0,Medium
28,15,PhD,Finance,8,42,7,0.97,2.7,4.1,Medium
38,15,PhD,Sales,19,85,8,0.99,3.9,3.0,High
41,32,PhD,Finance,11,22,7,0.69,4.7,2.2,Medium
41,3,Bachelors,IT,12,55,10,0.96,2.6,4.9,High
43,3,Masters,IT,12,18,11,0.77,1.8,3.7,Medium
49,16,PhD,IT,7,81,8,0.63,3.1,2.6,Medium
28,28,Masters,Finance,13,75,7,0.85,4.6,2.1,High
22,34,Masters,HR,8,54,8,0.83,4.2,3.9,High
53,6,PhD,HR,9,91,11,0.99,1.3,2.0,Medium
34,26,PhD,HR,7,91,6,0.63,3.8,1.7,Medium
51,27,Masters,HR,15,59,9,0.84,3.3,3.1,High
44,21,PhD,IT,2,58,7,0.53,4.6,2.2,Medium
40,13,Masters,IT,12,32,10,0.56,1.5,3.5,Medium
53,6,Masters,Sales,1,18,6,0.5,3.1,1.5,Low
